,dts,pwm3901_vx,pwm3901_vy,openvr_vx,openvr_vy,openvr_vz,openvr_v_angx,openvr_v_angy,openvr_v_angz
0,0.0038480758666992188,0.0,0.0,0.6331542597676839,-0.27249818695312533,0.3108225708233824,-0.21515929763982203,-0.04289230863161629,-0.11064320504069382
1,0.20445775985717773,0.0,0.0,0.7471662177504136,-0.3782704568108561,0.327756013135049,-0.6825087461178805,0.0735997227075568,-0.28944745594548177
2,0.4051980972290039,0.0,0.0,0.17898039095303275,-0.07571532911985933,0.1330741029335293,-0.380408037727617,0.12494736228229235,-0.0847237466296078
3,0.605849027633667,0.0,0.0,0.09490621181079346,-0.16692656333803518,-0.022540547418614325,-0.5266630986789553,0.20451522066286823,0.012859686842989063
4,0.8064179420471191,0.0,0.0,0.0522844990666353,-0.12944146427664288,0.007931740476471712,-0.08425703919360295,0.6511695333089434,0.12227019770242711
5,1.0070676803588867,0.0,0.0,0.03622761960613022,-0.07455926972337573,0.24037353317266177,-0.2668604077604249,0.43591543699220825,-0.07342771312362967
6,1.2076537609100342,-72.20074,9.000720277777777,0.03145269085311725,-0.018284831674049255,0.530268958581478,0.03514613692907141,0.03738650926048631,-0.12202124160677683
7,1.4082720279693604,25.24457941176471,63.413534705882356,0.04493708327626657,0.06378551771248572,0.5594754029813952,-0.24717330715316882,-0.2117655012026703,0.026862991923617664
8,1.6089613437652588,213.0087227777778,-38.89015000000001,0.07431202399764421,0.0736244880213143,0.6702372270771072,-0.3100458964141117,-0.5971416772844861,0.1842886008689897
9,1.809718132019043,159.06776736842104,-46.53121315789474,0.10309040608820651,0.0690686954173956,0.7133763519187433,-0.1523634093585663,-0.6616033669360123,0.23715689392104156
10,2.010284900665283,174.54488235294113,-36.144078823529405,0.01376431883137852,0.06703941400052255,0.7479868821785398,0.05615532906555169,-0.8924391979809357,0.037860915529628
11,2.2108869552612305,164.59145499999997,16.944498333333335,0.03324504918322432,-0.000764025829097556,0.720913851708583,-0.08374981136680602,-0.49591490304673463,0.008047583811076908
12,2.4115536212921143,125.4702488235294,41.277597647058826,0.11207847251323759,-0.08952299509486741,0.5347962179225083,-0.18846936442887116,-0.0593153210730764,-0.07667288097908609
13,2.6121625900268555,171.75158499999995,24.64303499999999,0.21198215844807256,-0.06518608987860013,0.299863989335363,0.45573797365065194,0.1394995183045925,-0.5322451791822325
14,2.812708616256714,-39.170287187499994,-40.12028281249999,0.08003295448410247,0.0608836035526076,-0.1870503538825096,-0.017425876164214878,0.6670322594381862,0.2419575493817586
15,3.0132064819335938,-325.62193124999993,-32.17999499999999,-0.12114321161144503,0.08794508587030911,-0.7082527455088382,0.2234157228387279,1.008766299682343,0.0045108084215036495
16,3.2138383388519287,6.01661750000001,-2.40360750000001,-0.12726569423024262,-0.02851005518178848,-0.9142345535997563,-0.23356610396277594,0.8307189446607175,0.060061278154341646
17,3.41434645652771,-20.430331666666664,21.247469999999993,-0.06474285416204581,-0.06745251460159883,-0.8614019053994374,0.3018441730001042,0.011790304129382909,-0.2730612390781726
18,3.6148624420166016,-231.87170906249997,23.120127187499996,0.041276834890230485,-0.1223954588840601,-0.812475303053732,-0.13300040591712253,0.6982956065791973,-0.0819099522154924
19,3.815575122833252,-164.49108,-36.480915,0.12992512401612513,-0.12780268272663084,-0.7332857920315677,-0.18609452351239572,0.6044017598379678,-0.08419943398536281
20,4.01613974571228,-156.06884999999997,-43.127964999999996,0.295874748311153,-0.1355878718312389,-0.6545055893766419,0.3314483587269732,0.13529548908513037,-0.19176860134203302
21,4.2167158126831055,-149.36368249999992,-7.814993124999999,0.2852640470530009,-0.015717795249822048,-0.5319680333454802,-0.29909297695815534,0.19381436786347697,0.21661869142176407
22,4.417136192321777,80.62496676470589,-36.721019999999996,0.17358302516440813,0.02101043779120187,-0.387813396398813,-0.32355704618943626,0.0054705897017525715,0.28901213776555157
23,4.618104696273804,12.193143947368421,-58.90249736842106,0.05987418700776138,0.019551245151190322,-0.1943166839049647,-0.08487214175180648,-0.2351033256635537,-0.07967572345433069
24,4.818730115890503,-80.37529764705882,31.082557647058824,0.1472865417172369,-0.08359038110780732,-0.144348621107002,0.12708456969594933,-0.04956345587226076,-0.16553806861200002
25,5.019436359405518,-86.93282277777773,-14.79863,0.25377750177739483,-0.0237850924631518,-0.21115921943923968,0.05062605937191171,0.13476238246252367,0.10909867171492803
26,5.220019340515137,-21.505897352941172,-55.837193235294116,0.41968540738373833,-0.08262659749794808,-0.1894036268820364,-0.09946096697059899,-0.623554664438272,-0.022244146142081266
27,5.420644283294678,-69.030565,-119.47999499999999,0.40727982695356374,-0.03649758763868019,-0.21704839134251575,-0.34264139524284,-0.24767944844466563,0.3532255496793459
28,5.621284484863281,-37.364480882352936,-119.90338058823528,0.4416593574463477,0.056824229130882704,-0.0823363765275906,0.043882158864554814,-0.5658649801805207,0.06505458697686821
29,5.8222692012786865,-253.649604117647,-95.6159070588235,0.5545376151663547,-0.011646583554597063,-0.0733530527713856,0.3517788937884409,-0.7806448605625365,0.1443220613875384
30,6.0226967334747314,-143.11833687499995,-202.5015349999999,0.7342010360501828,-0.2292546312250558,-0.1080380251137378,-0.042049064653210656,-0.7889518994010738,-0.007898291335580468
31,6.2234885692596436,-218.9940183333333,-193.7847633333333,0.5930253494730268,-0.08128948666245692,-0.2848861756533729,-0.4073226574099696,-0.1569829342896526,0.1261703309074613
32,6.424003601074219,-169.63856374999997,-196.05699375,0.4960788658810391,0.10358061348072381,-0.2569281685826215,0.37755033097505075,-0.8435285250173272,0.1510839694620163
33,6.624725341796875,-168.89876749999993,-272.8069262499999,0.5567617026716072,-0.012251378244140616,-0.3104058680974359,0.03677994126467344,-0.9393867594968794,0.21317598010548677
34,6.825216770172119,-200.36570124999992,-256.9091399999999,0.4532355803972407,-0.07296448034441227,-0.3137580827323347,0.1707632040453709,-0.8805536023562366,0.30691735223177163
35,7.025682210922241,-133.07899399999997,-182.4205369999999,0.4386797544751745,-0.08096990891474737,-0.2616524341054885,0.21810032777577537,-1.0376389008078015,0.17008678360257762
36,7.226310729980469,-204.60442687499994,-119.37925687499998,0.44421333046287126,-0.08024110492941178,-0.24191154753426447,-0.43153919936622354,-1.0742144202194688,0.13738753166795034
37,7.42688775062561,-18.476180624999987,-224.18167656249997,0.41684307025286593,0.030954136341454795,-0.23581844155504264,-0.07072244074984303,-0.9396990469495416,0.26214440148049256
38,7.627529859542847,-77.32768299999998,-236.89833599999994,0.402032535294886,0.02858382893335538,-0.24831155672527108,-0.09052928841559943,-1.1008338758522427,0.20082504215863656
39,7.828096389770508,-70.8368726470588,-169.558134117647,0.44673394348250695,0.028019956798639556,-0.18029258945917123,-0.2169727326745818,-0.707303901262627,0.24849432608411773
40,8.028858184814453,-90.176153125,-182.614095,0.5795029999146426,-0.12493715444745794,-0.2173192788887954,0.05076807475919937,-0.5989586369188156,0.02220660582653575
41,8.22944188117981,-164.52025999999992,-262.2935766666666,0.6303163944293151,-0.015789166512396265,-0.3229895622689577,0.12202283383199652,-0.14416848945097063,0.24138835782411855
42,8.430115938186646,-113.21002406249995,-289.67269468749987,0.6400532454838602,0.056021706837629734,-0.2861431130960641,-0.023521107953973525,-0.35035011707679903,0.18022061369613354
43,8.6307852268219,-110.83834437499996,-306.72412374999993,0.6240353085010839,0.035087602469796614,-0.2723199093676522,-0.02974207806439258,-0.48367944370189564,0.19581481263022318
44,8.831408500671387,-208.20730299999994,-272.11084199999993,0.599966737181476,-0.06493185419214456,-0.23152112286495788,0.08018030278959554,-0.34410179748288294,0.00900299267770794
45,9.032094478607178,22.7486044117647,27.172888823529398,0.612857247823177,-0.16520591826213604,-0.24454754652540808,-0.3579516217404184,-0.08203153891307098,-0.06371771528885134
46,9.232707738876343,26.50279,19.125070000000008,0.43282012615028603,-0.014332736882106428,-0.18116317660167264,0.12432260479189913,-0.2518132977453441,0.13262228148699215
47,9.433198928833008,2.7082749999999933,6.921722500000003,0.13353019523905396,-0.15361424498333082,0.09601207136191395,0.027845517515853783,-0.5348184713568723,0.08669532548271026
48,9.633671045303345,14.63377875,-4.737196874999996,-0.0919630699767546,0.021710785851766577,0.5694211965279548,-0.0876938850607911,-1.398051340989705,-0.09553550909769629
49,9.83439564704895,-9.273543823529412,-20.12061882352941,-0.027931801271925294,0.12018506938058758,0.9191498716895472,-0.34506963642803784,-1.3635447081001402,0.2227894090284253
50,10.03490662574768,210.21069156250002,-20.83162,0.08310037962851569,0.07397146341825833,1.1344281758391475,0.11459968912376271,-0.896786611960371,0.1765914701935027
51,10.235659122467041,451.99076029411754,-80.47358911764704,0.14934659284008622,-0.05555255678143476,1.1300714776224756,-0.24001391466662156,-0.44287378519489295,-0.171852065985888
52,10.436267137527466,602.3241999999998,-111.20845588235291,0.1691430793534185,-0.03059097289914362,0.9325293343881367,-0.5220036441653445,-0.6361731367688725,-0.16712320665293
53,10.636834621429443,335.11932,-77.14617000000001,0.20008006173587736,0.0058365515990797395,0.7754350253105395,-0.4148390538905239,-0.7582064162273993,0.10453687048272126
54,10.837489604949951,210.70943294117643,-84.29913264705881,0.202256650746863,-0.017334255928918553,0.348015404990705,-0.26326835851789504,-0.3414030701940578,0.21278989642935828
55,11.038031816482544,-0.6792697058823483,-12.595888529411765,0.05075741347034873,-0.03300015993931929,-0.28772617378527615,0.20309752456689972,0.22437891301475887,-0.027199283100834408
56,11.238481044769287,-223.52929843750005,46.724575937500006,-0.03330144170427432,0.003304349633792919,-0.7408750448273266,0.7181804542786825,0.6646192451222138,-0.07777643705058573
57,11.439077854156494,-388.48411999999996,65.54827499999999,-0.05167917575501153,-0.04949527710169521,-1.0781048298012939,0.19496502447006608,0.748899175267922,-0.0652202337775895
58,11.639477729797363,-384.2945614705882,66.61950205882353,-0.01597487033203817,-0.023239281453619535,-1.2659593457067917,0.11818094906811835,0.5040572237368536,0.10135928190248857
59,11.840044498443604,-590.00141,41.49907499999999,0.026676407349291553,-0.13128557720111073,-1.2331262492492256,-0.09464874559566488,0.7016864126715769,-0.18041461542839515
60,12.040946006774902,-494.68931000000003,13.402415,0.10596207339759031,-0.11326567811364868,-0.9916785097768799,0.2877440421885198,0.544029847982187,-0.13025519181907175
61,12.241584777832031,-330.71015,-17.606865,0.09083190281437156,-0.07172676488945826,-0.5926388078651875,-0.09387643574900568,0.5307661721283679,0.05092273432562011
62,12.442162990570068,-106.91906111111109,0.2868705555555562,-0.3109707256391252,-0.08048977907980069,-0.15929350291221064,0.16203507768222464,0.3828905110752435,0.06378457034798247
63,12.642749547958374,4.370509999999997,227.6321,-0.5841314005646994,-0.1459608345273902,0.1462225772665587,0.016106023398361383,-0.053071249689222263,-0.13817913521366718
64,12.84347152709961,109.23557666666665,190.05349833333332,-0.5301905839068612,-0.14784895157114603,0.4092792018071877,-0.024815344789212344,0.0918913662258224,-0.05575166717556376
65,13.044169664382935,-9.031964374999992,-4.904834999999998,-0.4565438022379008,-0.0689980721370735,0.6509378034612185,0.0554629785605386,-0.16589057333223484,-0.05415067378806969
66,13.244704246520996,357.61428558823525,85.0539632352941,-0.18017064437502775,0.05983192452043613,0.9719397048668627,0.12311413197295597,-0.5937206265155418,0.012777622162595648
67,13.445245504379272,509.38669411764704,-18.369280882352943,0.17917704455593667,0.3584742973695605,0.9745951908335111,-0.12020137682996339,-0.3270943332654183,0.05135459031446455
68,13.645602703094482,185.75200777777775,-18.016115833333302,0.3112724439336202,0.5267796125051771,0.6761568309846426,-0.08648089652937764,-1.103168225875296,0.30194136914924896
69,13.8462233543396,-38.87762588235294,5.763574705882355,0.340982193441063,0.15813489250417803,0.36340461258966333,-0.3014006980294631,-0.41607680518076434,0.17777326260624873
70,14.046725511550903,-7.869889999999991,26.768114999999995,0.39874497058958547,-0.030323528264053417,0.29186363743072263,0.11245296413638355,0.31932030958656704,-0.08830677681559464
71,14.247254610061646,-116.04584999999996,62.51819833333332,0.3973843305171006,-0.07171584061500551,0.37209672556794104,0.35555109409322977,0.6137576461040182,0.10714452821119286
72,14.44783091545105,75.0723276470588,-154.8414658823529,0.1694110828633143,0.042268402510519235,0.5627115254291609,-0.4434146783270339,0.4900804121990631,0.19359722708776272
73,14.648503541946411,-4.966750294117643,-44.305986764705885,-0.01993407404988068,-0.06724687595223493,0.5180107476701036,-0.05602065641869809,-0.5286572315805799,0.07577731918793114
74,14.849069595336914,-87.64228441176468,41.36254088235294,-0.4333309585504058,-0.3029655949405073,0.18983191787808604,0.4691527908015588,-0.43131228233228114,0.013923295621177834
75,15.049857139587402,-28.9238,122.47242176470593,-0.6061757578645292,-0.27066024550558154,0.08699325523434362,0.3394897613378606,-0.41273301005429774,-0.1459532023717124
76,15.250642776489258,-45.5544017647059,135.53942999999998,-0.5302189996540555,-0.12051093051573947,0.14587841930117182,0.144561156478341,-0.7339895012605456,-0.41608692970538674
77,15.451334476470947,211.47693749999996,205.73022250000002,-0.27052838332778356,0.13893036764658595,0.6993084528640275,0.04326061531907792,-1.8209590821975403,-0.10079164320882436
78,15.651776313781738,368.081345,-4.5618399999999975,0.07627556974801253,0.21395792137982103,0.8524834886032908,0.07390506985435834,-1.2882684378520761,0.20977234737709535
79,15.852384567260742,362.52945999999986,-125.54086749999996,0.37352678762176006,0.14268771528817978,0.8134803693262421,0.46982866110957966,-0.8739039438676839,0.08078455630442977
80,16.05279517173767,290.56226970588233,-243.19281764705877,0.6310275483393173,0.10736720545852563,0.5839234571531302,-0.0431502646569808,-0.27069333811815544,0.38545624641690124
81,16.253089427947998,207.72353473684214,-315.4962171052632,0.6240991950504254,0.029988234572503627,0.24145256226235742,-0.5549233686583205,0.0712869831876972,0.31660160704263524
82,16.453726530075073,81.00970184210529,-148.92862210526317,0.5392896741159591,-0.10949316972542679,0.04934788037477053,-0.2533978426755287,-0.10807835006505166,-0.09281477391259826
83,16.654404640197754,-42.942730833333336,-148.8438258333333,0.4611523719136509,-0.11566994806546937,-0.07833662864299093,0.3602699320277514,-0.4570948404160848,0.16672605159532444
84,16.85499143600464,-106.42366558823525,-114.71183558823526,0.22527726533890532,-0.06519209680230825,0.04681650961822236,0.1971298928286973,-0.6365435294625725,-0.09985730939137664
85,17.055497884750366,113.99229294117646,-70.94257617647057,0.1157648574529166,0.0455818130405278,0.368915660853051,0.2827179160874634,-0.5326366293308589,0.15605961624280235
86,17.25632071495056,118.13977333333337,-33.25332111111112,0.03128263773095846,0.026057742450560528,0.5861028186158674,-0.1456341863801712,-0.33942115503473097,0.055015823078836824
87,17.456945657730103,0.0,0.0,0.01448073613227309,0.09062555801547464,0.7503184282937857,-0.1497514025806086,-0.5081119732660094,0.07873325333964248
88,17.657499074935913,294.09994,-9.213410000000001,0.026446308484614205,0.09341905308030031,0.795759279045199,0.0105524684834372,-0.6733577769005636,0.009039891976829577
89,17.857941389083862,58.9064616666667,-8.127686111111116,0.008743314648873998,0.09145127190358146,0.6599056363281502,0.060352254805751494,-0.5489362127125906,0.026487177672508282
90,18.058594226837158,0.0,0.0,-0.04334562449465593,0.08005283978125993,0.47017047921704236,-0.30993714358844576,-0.2625855534266956,0.08322908581233532
91,18.25923776626587,105.76944499999999,4.551209999999998,-0.13870305931036944,0.03194120710610129,0.23933905833811708,-0.03370100093524601,-0.3097416898223417,-0.04662253539491265
92,18.459744215011597,112.11294235294116,114.86740088235291,-0.4156679314536746,-0.008344018645988386,-0.0030163716819357894,-0.18989293129958296,0.05933323013646354,-0.017172245033551463
93,18.660309076309204,-35.32774970588234,221.0069135294117,-0.5423049361042971,-0.014725648744446412,-0.10481912941904117,0.14528788512563098,0.19130221177273848,0.037054230043327356
94,18.8607976436615,-98.30825294117646,290.20401882352945,-0.49765034939467234,-0.050446506698843124,-0.13096558445859058,0.01981541896968598,0.41752415975562296,-0.20155164147532265
95,19.061119318008423,-70.28122999999998,206.34216499999994,-0.3285516014856815,-0.02189375502856685,-0.1589114670319984,0.25085161429318403,0.350335357084486,-0.06542172292723447
96,19.26193642616272,-163.89907147058815,13.585228235294107,-0.019135682037048317,0.05584529471482287,-0.37264241931508335,0.04672157980857728,0.6193280727223586,0.04901156876252156
97,19.462687253952026,-254.977145625,-120.6366184375,0.23374265475252798,0.0008336612750401698,-0.5849704606353406,-0.11373852842152746,0.8554417152247407,0.1578134329532552
98,19.66337275505066,-352.2324047058823,-167.51228441176465,0.4984386091557626,-0.1576603480384943,-0.6794321125963588,0.2472591440682991,0.4430500603920774,0.032493992312098256
99,19.864063024520874,-442.84099499999996,-273.3995999999999,0.5596260292511208,-0.13426733118114692,-0.6368830813442575,0.14212653440469472,0.2849332832477192,-0.0324324150428939
100,20.064678192138672,-215.44257000000005,-231.39730500000005,0.4157776240428068,0.04777730795181656,-0.27927814453949074,-0.1315794533114577,0.45417509179364346,0.23413878980039213
101,20.265448570251465,-56.28120558823529,-140.6972158823529,0.26163931314568545,0.019796596549529036,0.029137311653882253,0.4269486780469809,-0.12008163433491154,-0.04262282647374677
102,20.466008186340332,207.51321333333337,-100.10056833333333,0.5381648357935847,-0.02838230145888527,0.40199200833028437,0.44129513319690594,-0.6890340678821791,-0.3140464376265954
103,20.66666841506958,204.4377272222222,-167.49582305555555,0.603410212932584,-0.0779011074170935,0.4722652590813181,0.07610808566505683,-0.5854332424580683,-0.014396232603724687
104,20.867328643798828,187.95013444444447,-185.14762333333334,0.2860434928228755,-0.018076651810290865,0.38842387697560876,0.01754643631417792,-0.2949250051267754,0.19961168338247548
105,21.068204164505005,101.57638315789474,-62.94143131578947,-0.3101893966874679,-0.013177225677567383,0.2964010810890974,0.6331218975076711,-0.5196119346870061,0.10151580760544064
106,21.268736600875854,123.03431499999999,172.19906666666665,-0.5045690336798954,0.01793719915483591,0.2904577228421832,0.10779631816592752,-0.3547715202004004,0.03821251178063011
107,21.469380617141724,147.49374264705884,271.63222647058825,-0.49965927394728865,0.013761980750460874,0.3060877464760844,-0.09583397803145985,-0.5807577116827924,-0.1767483310621195
108,21.669965982437134,192.72390000000004,254.79804333333337,-0.4352970711123934,-0.019602249576457995,0.16258000634087294,-0.27352113509135373,-0.07221342346348256,-0.17590072417971406
109,21.870431184768677,90.35982833333333,160.30533027777778,-0.06980989035709494,-0.05357136080976172,0.12257769901996415,-0.15195664900867237,-0.18965663406913133,-0.14809031389120883
110,22.07114839553833,83.52460333333335,-141.92095833333335,0.4812943024073291,0.015712035285834328,0.12091890890527726,-0.0864674516022346,0.20640813408098688,0.26031555037940823
111,22.271815061569214,0.0,0.0,0.6415028163554602,-0.052977536018776424,0.0869933980529522,0.20533822435284613,0.3051993163407277,0.2396843694457228
112,22.47238826751709,0.0,0.0,0.372399474401442,-0.021583500549875945,0.06090067094024484,0.1367511505518056,0.35779865298637065,-0.09551554268465318
113,22.67296290397644,19.52576,4.022659999999993,-0.22413832537729,0.000753776762727424,0.0038803915970137114,-0.1612972458135307,0.21627234803320652,-0.06899302547386378
114,22.873693704605103,0.0,0.0,-0.39648645441125496,0.011886420326862084,0.024398263472519794,0.08214955879309385,-0.07706569368256368,-0.08872227617336947
115,23.074386596679688,0.0,0.0,-0.5078438672689307,0.03612757508359945,-0.024084868524896715,0.055362532240878864,-0.031707514038281565,-0.052022529471902626
116,23.27488374710083,7.002640294117645,294.94285352941176,-0.5028274923763365,0.025123579915780812,0.00942143291371161,0.1210333505331343,-0.1443472671188879,-0.26509869814454795
117,23.475499629974365,-2.9691575000000014,229.73187625,-0.23631757616053908,0.017793672485877075,0.13003957738395927,0.09111765834807509,-0.1665669939726954,-0.1908954025638998
118,23.676141023635864,175.5001458333333,5.863326666666667,0.1413286868594924,0.028141906172971513,0.42018624093453993,-0.08947879973824996,-0.1508518955194158,0.09001685323999957
119,23.876760959625244,276.08836,-78.07860500000001,0.23441860579834553,0.02302718529411734,0.5716675352073185,-0.4792802094973991,0.15449631310113046,0.24371794044083864
120,24.0771803855896,358.01125499999995,-152.84126,0.2455494551714373,-0.05558840253944729,0.4674540339718119,-0.12237630045110179,-0.6674838804172212,0.07562754823831229
121,24.277849912643433,141.8041426470588,-59.44676323529411,0.07121043977381743,-0.009860811700926994,-0.09583978663210778,0.20117673233919459,0.22740096178656374,-0.1481000428621742
122,24.47850728034973,-308.17952058823533,12.109384999999998,0.005202132671846063,0.05502667353868174,-0.7560382199160162,0.24993582398828662,0.6302737450001951,0.03861735148632524
123,24.67940664291382,-74.18521764705883,3.4873588235294126,0.06538653860563522,0.06437972477932792,-1.08473729449752,0.1715920073745924,0.6099432791581259,0.31420917282831706
124,24.87988781929016,-261.72108000000003,-3.914205,0.07006313096261724,-0.0804862518719231,-1.202730750877643,0.14494516349489922,0.4787589491540102,-0.06655081634686213
125,25.08048129081726,-491.06712970588234,78.78285294117647,0.1061166889797382,0.012065654808739725,-0.9015800978031433,0.519070668533183,0.3549972281165998,-0.0702183746376969
126,25.28115725517273,-285.25334441176466,-26.132523529411763,0.015003433811250022,0.11916416415577472,-0.4800696577727548,0.010585720350231824,0.4485104611311536,-0.04495607445916937
127,25.48164200782776,-192.13334000000003,-8.107500000000002,-0.09819533732988303,0.21077051775322042,-0.429265355691515,-0.1691067809538443,1.5127275557794428,0.42134118526986236
128,25.68231463432312,-224.8334205882353,-10.858575882352941,-0.21393834222324012,0.13027286403117092,-0.598251957921825,-0.30006258465419977,1.8077868103150085,0.1008745547781438
129,25.88293433189392,-175.87627111111112,41.6346138888889,-0.18557942683354564,0.0758433500519566,-0.8365412384861484,0.16047109928090278,1.543495283734342,-0.18508619820039665
130,26.083468198776245,-570.9889547058824,115.29363764705882,-0.20665554061136177,0.019487465179762714,-1.1624776751408918,0.2973908948141429,1.3431875082000169,-0.17732029739626334
131,26.284270763397217,-449.2649908333334,-100.88050416666668,-0.05420715442131818,-0.09819432838366991,-1.0984337161832056,-0.4181897882074458,1.006532634020091,0.040213955018139985
132,26.48493456840515,-274.53920000000005,52.080355,0.020104036868629965,-0.11176149386068399,-0.9999201893592533,-0.5622664487487511,0.3361113235953759,-0.15205679077485137
133,26.685563802719116,-369.9346035294117,22.28875323529412,0.15266297540607765,-0.11563364748690026,-0.9007428113784718,0.29487246893627533,0.15530019608929427,-0.2866231559675377
134,26.886115074157715,-367.1390556250001,38.86277125000001,0.26558494708899133,-0.1574804097798187,-0.98549387267922,0.0762389768284521,0.5450511643065918,-0.13440704946381982
135,27.08683681488037,-222.928915,-115.61802,0.31876855171319035,-0.11982108066519118,-0.9726612503474447,-0.1369564727282679,0.5730219231059774,-0.11538972655491361
136,27.287227153778076,-527.0897499999999,-125.40316999999996,0.3201829750205042,0.05195866580914402,-0.975116039515658,-0.04717801608016192,0.1773249264818015,0.21053529849740654
137,27.48798108100891,-465.7262966666666,-145.47505111111107,0.34193556807410386,0.0013704660302107305,-0.8243332365488978,0.4742662220003567,-0.045452457576895346,-0.3013452559718838
138,27.68897795677185,-381.34340833333323,-127.35880666666667,0.4130400617420298,-0.09261978078822596,-0.7322001092080372,0.4105297935826283,0.09292047686993386,-0.03347854611092893
139,27.8896005153656,-97.48766029411763,-159.54001676470585,0.27170739719178105,0.06306954649555628,-0.47424038247908634,-0.334988594397325,0.13771937582227348,0.33527894129614944
140,28.090134859085083,15.97731,21.249170000000003,0.18760128633693543,0.06503375838684863,-0.04144542002607739,0.013882050052461126,-0.5447665950573035,0.47080201498602137
141,28.290826559066772,96.43061499999996,10.397004999999996,-0.006901459000895782,0.19621070639952112,0.5148190188973462,0.24554152239299576,-0.9440535838089759,-0.3079656777680793
142,28.49144220352173,3.3923000000000014,-10.190550000000007,0.03577322109080355,0.08105006094976071,0.9819742712722663,-0.5810612447517074,-0.5119388386339268,0.17814443190676055
143,28.692033529281616,-0.44439323529412267,-15.003244999999996,0.06948029625559721,-0.002988157936229658,1.1820267143250676,0.4709757523757241,-1.0552001254717935,0.04693408235114191
144,28.892701625823975,499.24568999999997,-105.46397999999998,0.0164114819305399,-0.09228295468161679,1.1953588224256264,-0.6769216867361179,-0.30298253734185854,-0.1265016337647511
145,29.093434810638428,694.8696909374997,51.50757906249998,0.019879231997967716,-0.15713336206249492,0.9669321007635481,-0.5709110497090172,-0.8819254309224678,-0.15768140206079312
146,29.294044971466064,408.8579138235294,29.154608529411767,0.13191085183660692,-0.24029148005394477,0.588684154306782,-0.6392183430725179,-0.7913590519440875,-0.17057014752263483
147,29.494613885879517,83.07482777777778,41.42733722222223,0.25199808740217555,-0.11552545987665495,0.4532324904111529,0.28115073716411637,-0.31252330653852123,-0.26966207475910087
148,29.695312023162842,28.72801375,-95.84302874999999,0.4337682967204976,-0.060341317203933376,0.3715843390804863,1.2316103933268723,0.35260209587970437,-0.1758080100879468
149,29.895981788635254,-43.704145,-110.35220666666667,0.3827607232851252,0.12863056453700808,0.18488520616910906,0.24281450894331932,0.6178848291564245,0.14412713390310536
150,30.09668207168579,39.921315,-148.56157249999998,0.24706325780758323,0.15828148643215287,0.1145102523847501,-0.14983087480814783,0.4292699894389847,0.15181402886179685
151,30.29762053489685,-108.95418941176467,-66.40876352941176,0.350917171738195,-0.107854846722353,0.03792879520246389,0.32180901092329517,0.9123573356143905,-0.3252486264816844
152,30.49833917617798,-104.82228999999997,-159.94479999999996,0.39699859565024637,-0.032858093877762506,0.0633966762046116,-0.35939018973135245,1.4904125856989845,0.19154988937076653
153,30.69891047477722,209.21392999999995,-255.78331999999995,0.5065847618080405,0.04860219849550981,0.3341587920586939,0.3802735300130091,0.17523895427419411,0.12394691275677877
154,30.899511337280273,10.00112,-159.91109499999996,0.7289654074676486,-0.0917998392691502,0.22540115639050015,-0.1189867661770687,0.1326665944841597,0.0084644286730493
155,31.100183486938477,32.373329999999996,-337.14685937499996,0.9208878698671944,-0.06662376138580933,0.1177587423686145,0.30307774763160344,0.12634833759524808,-0.08677643655448734
156,31.30107092857361,60.545302352941185,-276.42766382352943,0.821054934392094,-0.006880516492593965,0.19391438144039408,-0.1600789827761195,0.6870506252485381,0.1458715072785904
157,31.501715421676636,19.335032777777766,-196.27757499999996,0.7593011834716913,0.024782232395040512,0.24818363063463672,0.25662935067858456,0.7360056758753188,-0.03816572043739326
158,31.702205181121826,-87.36984210526316,-129.2369460526316,0.5035900906119131,0.035913005304511636,-0.0017526218118037173,-0.6272298554118431,2.3222218089803826,0.4038120866527967
159,31.90273928642273,97.87417176470586,-23.73930970588234,0.3635794807496027,0.09626199610762087,-0.05079122032175887,0.4789461491466285,0.6639552852722047,-0.3112446453887099
160,32.10339164733887,-48.396004999999995,16.699999999999992,0.34786740390683596,-0.08279891424395933,-0.16973261972751755,-0.1802308085262222,1.5639291923131076,0.1038668838250896
161,32.3041250705719,60.313379999999995,15.755949999999999,0.4690159902166437,-0.2821285670450395,-0.031258351300128384,-0.4403578106416181,1.4705022441816107,-0.26215607721353823
162,32.50517559051514,237.92808499999995,-109.16107499999998,0.5754900769515429,-0.04095804381500421,0.13673262747374992,-0.0010487531984053836,0.6534279124332734,0.012544067352713326
163,32.70584750175476,98.19691264705878,-277.55637147058826,0.6137315511295522,0.036050075132966077,0.13542653841896116,-0.07879172451780056,0.9469909815665501,0.13086278988318065
164,32.90639519691467,-53.850291666666664,-93.61301333333331,0.6062203915545973,0.04381408892840404,0.19739235958053283,0.34477307469634483,0.7657866785446811,0.0538593523167524
165,33.107115268707275,41.952,-231.06261499999994,0.6028571645765571,-0.014482114621973782,0.19761366798786845,0.10598361523581035,0.6041148760252955,-0.2093534695779495
166,33.307687520980835,26.820016111111116,-88.92800083333334,0.6699805817639557,-0.011121230482371507,0.27764571265337257,-0.16599864495840466,0.3682123453722156,0.3094540936351792
167,33.50831604003906,20.80993999999999,-7.625125882352943,0.5806655652988625,0.05938190208393715,0.29046506803875904,0.015825046436740098,0.5807301601933809,0.20679036539385748
168,33.70923328399658,0.06262999999999685,-5.636470882352948,0.40905819788439446,0.13223900238533787,0.09314813375530268,0.20604924454239582,1.079091517456496,0.3588434041157069
169,33.9096884727478,-33.85206999999998,-199.49240499999993,0.0801671072272818,0.3270459243945449,-0.08557504360111551,0.35468924894682147,1.0513440022357456,0.11481822851930473
170,34.11021161079407,-151.60748781249998,-28.436675312499997,-0.16867497799431808,0.18305696004819427,-0.5647868461997708,0.40770811149750996,1.1949306399069914,0.04324294538379353
171,34.31066966056824,-190.0027949999999,-25.482576764705875,-0.290638304429496,0.043948268308693035,-0.8662648382797709,-0.0612920590738114,1.4579976127643695,-0.14549638450815727
172,34.51123785972595,-191.99848500000004,39.04028352941178,-0.21943609211406018,0.007338385805620167,-0.9041053139026887,0.1254090296856257,0.8626476969102992,-0.030652792503080093
173,34.711899518966675,-296.45091823529407,72.6854644117647,-0.09179202672175096,0.00288797088069288,-0.8059545099172043,0.2577688337594426,0.12254684033202205,-0.3190235556178714
174,34.91241145133972,-279.68908999999996,43.63984000000001,0.05927070628623915,0.027449913908879124,-0.7174851595077925,-0.004087535999443934,0.34360909269492795,-0.14761321219844065
175,35.112951040267944,-122.74801588235295,-15.005866764705882,0.2692139149264578,-0.03614705218328391,-0.6014592391382484,0.13737651487397565,0.007165264770644099,-0.1415682009068537
176,35.313584327697754,-172.46141205882356,-45.876754705882355,0.3772221012426623,-0.06815497505523845,-0.6284054416181728,0.44487400213903106,-0.2757068377325271,-0.12398301513506266
177,35.51426696777344,-122.34701911764706,-26.82311735294118,0.1865372653596001,0.05740989238308949,-0.4735867098704823,-0.1582232059878267,-0.5015085072068357,-0.36095314135834977
178,35.714855432510376,-115.1608,-19.381739999999997,0.020891044300212464,0.08427891235896073,-0.3741297649705841,0.04419607674691742,-0.5582334681729733,0.2844530867228747
179,35.915776014328,-0.9925238888888832,57.48182611111112,-0.10677882639552466,0.06480594643439841,-0.16393888473148394,0.27620997036783673,-0.6419101903632002,-0.08254945339636896
180,36.11641335487366,-73.27522500000002,17.296637058823528,-0.04659857098522968,-0.076512538087805,-0.16334155927636365,-0.15241799749661905,-0.1249846742716298,-0.0030106811801804134
181,36.31719136238098,-1.108197500000001,28.710154999999997,-0.008272308877887252,-0.042619284979873925,-0.07868794955312032,-0.0562324432477971,-0.2177897300904193,-0.06460707200185409
